<?xml version="1.0" encoding="utf-8" ?>
<configuration>
  <PoolMetrics>
    <Processor>
      <Query>
        Perf | where Computer in ({0})
        | where ObjectName == "Processor Information"
        | where CounterName == "% Processor Time"
        | summarize Value = avg(CounterValue) by Computer
        | project avg = 0, Value, Computer, Status = iff(Value> 80, 0,2)
      </Query>
      <timespan>PT30M</timespan>
      <Tooltip>Unhealthy:More than 80% in the last 30 minutes.</Tooltip>
    </Processor>
    <LogicalDisk_FreeSpace>
      <Query>
      Perf | where Computer in ({0})
      | where ObjectName == "LogicalDisk"
      | where CounterName == "% Free Space"
      | summarize  (TimeGenerated, Value)=arg_min(TimeGenerated,CounterValue) by Computer
      | project avg = 0, Value, Computer, Status = iff(Value &lt; 20, 0, 2)
      </Query>
      <timespan>PT30M</timespan>
      <Tooltip>Unhealthy:Less than 80% in the last 30 minutes.</Tooltip>
    </LogicalDisk_FreeSpace>
    <LogicalDisk_Avg_DiskQueue_Length>
      <Query>
        Perf | where Computer in ({0})
        | where ObjectName == "LogicalDisk"
        | where CounterName == "Avg. Disk Queue Length"
        | where InstanceName == "C:"
        | summarize  (TimeGenerated, Value)=arg_min(TimeGenerated,CounterValue) by Computer
        | project avg = 0, Value, Computer, Status = iff(Value &gt; 5, 0, 2)
      </Query>
      <timespan>PT30M</timespan>
      <Tooltip>Unhealthy:Less than 80% in the last 30 minutes.</Tooltip>
    </LogicalDisk_Avg_DiskQueue_Length>
    <Memory>
      <Query>
        Perf | where Computer in ({0})
        | where ObjectName == "Memory"
        | where CounterName == "Available MBytes"
        | summarize  (TimeGenerated, Value)=arg_min(TimeGenerated,CounterValue) by Computer
        | project avg = 0, Value, Computer, Status = iff(Value &lt; 500, 0, 2)
      </Query>
      <Drilldown>
      Perf
      | where Computer == {0}
      | where ObjectName == "Memory"
      | where CounterName == "Available MBytes"
      </Drilldown>
      <timespan>PT30M</timespan>
      <Tooltip>Unhealthy:Less than 1GB in the last 30 minutes.</Tooltip>
    </Memory>
	<User_Input_Delay>
	<Query>
    Perf | where Computer in ({0})
    | where ObjectName == 'User Input Delay per Session'
    | where CounterName == 'Max Input Delay'
    | where CounterValue != 0
    | summarize  (TimeGenerated, Value)=arg_min(TimeGenerated,CounterValue) by Computer
    | project   avg = 0, Value, Computer, Status = iff(Value > 2000 , 0, 2)
  </Query>
	 <timespan>PT30M</timespan>
	</User_Input_Delay>
	
  </PoolMetrics>
</configuration>
